mode,tripPercents
bike,1.8090836259606793
car,40.090662901183414
drive_transit,0.09892471680808838
hov2,19.793725596746057
hov3,29.050094967736424
walk,7.748653519954815
walk_transit,1.4088546716105272
